{
  "cluster_element": {
    "precision": 0.9166666666666666,
    "recall": 1.0,
    "f1-score": 0.9565217391304348,
    "support": 22
  },
  "value": {
    "precision": 1.0,
    "recall": 1.0,
    "f1-score": 1.0,
    "support": 3
  },
  "preflight": {
    "precision": 1.0,
    "recall": 1.0,
    "f1-score": 1.0,
    "support": 2
  },
  "key": {
    "precision": 1.0,
    "recall": 1.0,
    "f1-score": 1.0,
    "support": 10
  },
  "micro avg": {
    "precision": 0.9487179487179487,
    "recall": 1.0,
    "f1-score": 0.9736842105263158,
    "support": 37
  },
  "macro avg": {
    "precision": 0.9791666666666666,
    "recall": 1.0,
    "f1-score": 0.9891304347826086,
    "support": 37
  },
  "weighted avg": {
    "precision": 0.9504504504504504,
    "recall": 1.0,
    "f1-score": 0.9741480611045827,
    "support": 37
  }
}